<!-- id
type  0 不可击穿  1 可击穿
hp 如果不可击穿 该值为无限大  如果可击穿则为血量
cls  资源名
occpy  x1,y1;x2,y2 [占据的不可通过的点集合] -->
<barriers>
<barrier id="1" reg="-16.5,-14.5" type="0" hp="4294967295" cls="Barrier_1" occpy="-1,-1;0,-1;1,-1;1,0;0,0;-1,0;-1,1;0,1;1,1"/>
<barrier id="2" reg="-17,-19.5" type="0" hp="4294967295" cls="Barrier_2" occpy="-1,0;0,0;1,0;1,1;0,1;-1,1"/>
<barrier id="3" reg="-16.5,-56.5" type="0" hp="4294967295" cls="Barrier_3" occpy="0,0"/>
<barrier id="4" reg="-17,-26.5" type="0" hp="4294967295" cls="Barrier_4" occpy="0,0;0,-1;-1,-1;1,-1"/>
<barrier id="5" reg="-13.5,-18" type="0" hp="4294967295" cls="Barrier_5" occpy="0,0"/>
<barrier id="6" reg="-61.5,-118.5" type="0" hp="4294967295" cls="Barrier_6" occpy="-1,0;0,0;1,0;-1,-1;0,-1;1,-1"/>
<barrier id="7" reg="-17.5,-15.5" type="0" hp="4294967295" cls="Barrier_7" occpy="-1,-1;0,-1;1,-1;1,0;0,0;-1,0;-1,1;0,1;1,1"/>
<barrier id="8" reg="-13.5,-12.5" type="0" hp="4294967295" cls="Barrier_8" occpy="0,0"/>
<barrier id="9" reg="-16.5,-23" type="0" hp="4294967295" cls="Barrier_9" occpy="-1,0;0,0;1,0;0,-1"/>
<barrier id="10" reg="-60,-142.5" type="0" hp="4294967295" cls="Barrier_10" occpy="-1,0;0,1;0,0;1,0;0,-1"/>
<barrier id="11" reg="-77,-124" type="0" hp="4294967295" cls="Barrier_11" occpy="-6,3;-5,3;-6,2;-6,1;-6,0;-6,-1;-6,-2;-6,-5;-6,-4;-6,-3;-5,-3;-5,-4;-5,-5;-6,-6;-5,-6;-4,-6;-3,-6;-3,-5;-3,-4;-3,-3;-4,-3;-4,-4;-4,-5;-5,-2;-5,-1;-5,0;-5,1;-5,2;-4,3;-4,2;-4,1;-4,0;-4,-1;-3,-2;-4,-2;-3,-1;-3,1;-3,0;-3,2;-2,3;-3,3;-2,2;-2,1;-2,0;-2,-1;-2,-2;-1,3;0,3;1,3;2,3;3,3;4,3;5,3;6,3;6,2;5,2;4,2;3,2;1,2;2,2;0,2;-1,2;-2,-6;-1,-6;0,-6;1,-6;2,-6;3,-6;4,-6;5,-6;6,-6;7,-6;7,-5;7,-3;7,-4;7,-2;7,-1;7,0;7,1;7,2;7,3;6,1;6,0;6,-1;5,1;3,1;2,1;1,1;0,1;-1,1;-1,0;0,0;1,0;2,0;3,0;4,0;5,0;4,1;-1,-1;-1,-2;-1,-3;-2,-3;-2,-4;-2,-5;-1,-5;-1,-4;0,-5;0,-4;0,-3;0,-2;1,-1;0,-1;1,-2;1,-3;1,-4;1,-5;2,-5;3,-5;4,-5;5,-5;6,-5;6,-4;6,-2;6,-3;5,-1;3,-1;4,-1;2,-1;2,-2;2,-3;2,-4;3,-4;4,-4;5,-4;5,-3;5,-2;4,-2;3,-2;3,-3;4,-3"/>
<barrier id="12" reg="-30.5,-23.5" type="0" hp="4294967295" cls="Barrier_12" occpy="-2,0;-2,-1;-1,-1;0,-1;1,-1;2,-1;3,-1;3,0;2,0;1,0;0,0;-1,0"/>
<barrier id="13" reg="-16.5,-78" type="0" hp="4294967295" cls="Barrier_13" occpy="-1,-1;0,-1;1,-1;1,0;0,0;-1,0"/>
<barrier id="14" reg="-15.5,-80" type="0" hp="4294967295" cls="Barrier_14" occpy="-1,-1;0,-1;1,-1;1,0;0,0;-1,0"/>
<barrier id="15" reg="-127.5,-265" type="0" hp="4294967295" cls="Barrier_15" occpy="-1,1;-2,1;-2,0;-3,0;-3,-1;-4,-1;-2,-2;-3,-2;-1,-2;0,-2;1,-2;2,-2;3,-2;3,-1;3,0;2,0;2,1;1,1;0,1;-1,0;1,0;0,0;0,-1;-1,-1;-2,-1;1,-1;2,-1;4,-1"/>
<barrier id="16" reg="-17,-53.5" type="0" hp="4294967295" cls="Barrier_16" occpy="0,0"/>
<barrier id="17" reg="-16.5,-54.5" type="0" hp="4294967295" cls="Barrier_17" occpy="0,0"/>
<barrier id="18" reg="-19.5,-51.5" type="0" hp="4294967295" cls="Barrier_18" occpy="0,0;-1,0;1,0"/>
<barrier id="19" reg="-25.5,-73" type="0" hp="4294967295" cls="Barrier_19" occpy="-2,-1;-1,-1;0,-1;1,-1;2,-1;2,0;2,1;1,1;0,1;-1,1;-2,1;-2,0;-1,0;0,0;1,0"/>
<barrier id="20" reg="-48,-101" type="0" hp="4294967295" cls="Barrier_20" occpy="-3,-1;-2,-1;-1,-1;0,-1;1,-1;2,-1;3,-1;3,0;3,1;3,2;2,2;1,2;0,2;-1,2;-2,2;-3,2;-3,1;-3,0;-2,0;-2,1;-1,1;-1,0;0,0;0,1;1,1;1,0;2,0;2,1"/>
<barrier id="21" reg="-16.5,-20" type="0" hp="0" cls="Barrier_21" occpy="-1,1;0,1;1,1;1,0;1,-1;0,-1;-1,-1;-1,0;0,0"/>
<barrier id="22" reg="-12,-31" type="0" hp="0" cls="Barrier_22" occpy="-1,0;0,0;1,0"/>
</barriers>