<?xml version="1.0" encoding="UTF-8"?>
<!--
map:
	id   地图id
	name 地图名称
	diffcult 地图难度 1~5
	res   地图资源编号

team:
	count 队伍最大人数
elemLayer
	id-x,y
pathLyaer
	start-end:type
	
 -->
<maps>
	<map id="1" name="3v3测试地图" difficult="5" res="">
		<team id="1" count="3" homePosition="" homeRes="">
			<member id="1" bornPosition=""/>
			<member id="2" bornPosition=""/>
			<member id="3" bornPosition=""/>
		</team>
		<team id="2" count="3" homePosition="" homeRes="">
			<member id="1" bornPosition=""/>
			<member id="2" bornPosition=""/>
			<member id="3" bornPosition=""/>
		</team>

		<bgLayer>Tank_Bg_10</bgLayer>
		<elemLayer>
			1-10,10;
			1-42,6;
			3-12,16;
			2-88,10;
			6-32,6;
			5-42,44;
			4-22,26;
			3-42,1;
			2-21,16;
			3-32,36;
			5-42,22;
			3-2,26;
			5-77,30;
			3-88,40;
		</elemLayer>
		<pathLyaer>
			0-40:1;41-45:0;46-95:1;
			0-20:1;21-24:0;25-95:1;
			0-95:1;0-95:1;0-95:1;0-95:1;0-95:1;0-95:1;0-95:1;0-95:1;0-95:1;0-95:1;0-95:1;0-95:1;
			0-95:1;0-95:1;0-95:1;0-95:1;0-95:1;0-95:1;0-95:1;0-95:1;0-95:1;0-95:1;0-95:1;0-95:1;
			0-95:1;0-95:1;0-95:1;0-95:1;0-95:1;0-95:1;0-95:1;0-95:1;0-95:1;0-95:1;0-95:1;0-95:1;
			0-95:1;0-95:1;0-95:1;0-95:1;0-95:1;0-95:1;0-95:1;0-95:1;0-95:1;0-95:1;0-95:1;0-95:1;
			0-95:1;0-95:1;0-95:1;0-95:1;0-95:1;
			0-95:1;
		</pathLyaer>
		<topLayers>
		</topLayers>
	</map>
	<map id="2" name="1v1测试地图" difficult="2" res="">
		<team id="1" count="1" homePosition="" homeRes="">
			<member id="1" bornPosition=""/>
		</team>
		<team id="2" count="1" homePosition="" homeRes="">
			<member id="1" bornPosition=""/>
		</team>

		<bgLayer>Tank_Bg_7</bgLayer>
		<elemLayer>
			1-41,0;1-42,0;
		</elemLayer>
		<pathLyaer>
			0-40:1;41-45:0;46-95:1;0-20:1;21-24:0;25-95:1;
			0-95:1;0-95:1;0-95:1;0-95:1;0-95:1;0-95:1;0-95:1;0-95:1;0-95:1;0-95:1;0-95:1;0-95:1;
			0-95:1;0-95:1;0-95:1;0-95:1;0-95:1;0-95:1;0-95:1;0-95:1;0-95:1;0-95:1;0-95:1;0-95:1;
			0-95:1;0-95:1;0-95:1;0-95:1;0-95:1;0-95:1;0-95:1;0-95:1;0-95:1;0-95:1;0-95:1;0-95:1;
			0-95:1;0-95:1;0-95:1;0-95:1;0-95:1;0-95:1;0-95:1;0-95:1;0-95:1;0-95:1;0-95:1;0-95:1;
			0-95:1;0-95:1;0-95:1;0-95:1;0-95:1;0-95:1;
		</pathLyaer>
		<topLayers>
		</topLayers>
	</map>
	<map id="3" name="2v2测试地图" difficult="3" res="">
		<team id="1" count="2" homePosition="" homeRes="">
			<member id="1" bornPosition=""/>
			<member id="2" bornPosition=""/>
		</team>
		<team id="2" count="2" homePosition="" homeRes="">
			<member id="1" bornPosition=""/>
			<member id="2" bornPosition=""/>
		</team>

		<bgLayer>Tank_Bg_3</bgLayer>
		<elemLayer>
			1-41,0;1-42,0;
		</elemLayer>
		<pathLyaer>
			0-40:1;41-45:0;46-95:1;0-20:1;21-24:0;25-95:1;
			0-95:1;0-95:1;0-95:1;0-95:1;0-95:1;0-95:1;0-95:1;0-95:1;0-95:1;0-95:1;0-95:1;0-95:1;
			0-95:1;0-95:1;0-95:1;0-95:1;0-95:1;0-95:1;0-95:1;0-95:1;0-95:1;0-95:1;0-95:1;0-95:1;
			0-95:1;0-95:1;0-95:1;0-95:1;0-95:1;0-95:1;0-95:1;0-95:1;0-95:1;0-95:1;0-95:1;0-95:1;
			0-95:1;0-95:1;0-95:1;0-95:1;0-95:1;0-95:1;0-95:1;0-95:1;0-95:1;0-95:1;0-95:1;0-95:1;
			0-95:1;0-95:1;0-95:1;0-95:1;0-95:1;0-95:1;
		</pathLyaer>
		<topLayers>
		</topLayers>
	</map>
</maps>
