<?xml version="1.0" encoding="UTF-8"?>
<!--
map:
	id   地图id
	name 地图名称
	diffcult 地图难度 1~5
team:
	count 队伍最大人数
	home id-x,y   老家 资源以及坐标位置
	born  x,y  出生点
bgLayer:
	背景层
elemLayer:
	id-x,y
pathLyaer: 
	地形中不可通过的点集合
	x1,y1;x2,y2
	
 -->
<maps>
	<map id="1" name="3v3测试地图" difficult="5">
		<team id="1" home="">
			<member id="1" born=""/>
			<member id="2" born=""/>
			<member id="3" born=""/>
		</team>
		<team id="2" home="">
			<member id="1" born=""/>
			<member id="2" born=""/>
			<member id="3" born=""/>
		</team>

		<bgLayer>Tank_Bg_10</bgLayer>
		<elemLayer>
			1-10,10;
			1-42,6;
			3-10,16;
			2-88,10;
			6-32,6;
			3-35,10;
			3-33,12;
			5-42,44;
			4-22,26;
			3-42,1;
			2-21,16;
			3-32,36;
			5-42,22;
			3-2,26;
			5-77,30;
			3-88,40;
		</elemLayer>
		<pathLyaer>
		</pathLyaer>
		<topLayers>
		</topLayers>
	</map>
	<map id="2" name="1v1测试地图" difficult="2">
		<team id="1" home="">
			<member id="1" born=""/>
		</team>
		<team id="2" home="">
			<member id="1" born=""/>
		</team>

		<bgLayer>Tank_Bg_7</bgLayer>
		<elemLayer>
			1-41,0;1-42,0;
		</elemLayer>
		<pathLyaer>
		</pathLyaer>
		<topLayers>
		</topLayers>
	</map>
	<map id="3" name="2v2测试地图" difficult="3">
		<team id="1" home="">
			<member id="1" born=""/>
			<member id="2" born=""/>
		</team>
		<team id="2" home="">
			<member id="1" born=""/>
			<member id="2" born=""/>
		</team>

		<bgLayer>Tank_Bg_3</bgLayer>
		<elemLayer>
			1-41,0;1-42,0;
		</elemLayer>
		<pathLyaer>
		</pathLyaer>
		<topLayers>
		</topLayers>
	</map>
</maps>
